x,y,timestamp
300,199,1756845385351
978,387,1756845385351
962,294,1756845385351
385,191,1756845385351
1184,459,1756845385351
186,201,1756845385351
935,293,1756845385351
681,635,1756845385351
646,20,1756845385351
907,382,1756845385351
739,708,1756845385351
34,205,1756845385351
854,394,1756845385351
919,312,1756845385351
161,201,1756845385351
269,270,1756845385351
716,615,1756845385351
337,52,1756845385351
290,141,1756845385351
570,531,1756845385351
717,667,1756845385351
307,238,1756845385351
672,683,1756845385351
616,542,1756845385351
950,387,1756845385351
993,365,1756845385351
1225,233,1756845385351
845,284,1756845385351
1264,563,1756845385351
979,224,1756845385351
232,204,1756845385351
556,573,1756845385351
837,288,1756845385351
1065,321,1756845385351
1254,189,1756845385351
205,179,1756845385351
598,588,1756845385351
654,579,1756845385351
272,228,1756845385351
567,612,1756845385351
250,225,1756845385351
244,208,1756845385351
1017,215,1756845385351
122,400,1756845385351
343,299,1756845385351
274,170,1756845385351
785,666,1756845385351
650,679,1756845385351
227,307,1756845385351
640,472,1756845385351
661,647,1756845385351
957,337,1756845385351
285,269,1756845385351
731,642,1756845385351
53,119,1756845385351
627,586,1756845385351
103,253,1756845385351
877,219,1756845385351
611,653,1756845385351
206,228,1756845385351
625,680,1756845385351
600,567,1756845385351
955,340,1756845385351
26,225,1756845385351
259,366,1756845385351
412,228,1756845385351
16,171,1756845385351
476,45,1756845385351
98,744,1756845385351
496,301,1756845385351
1122,699,1756845385351
190,252,1756845385351
676,509,1756845385351
969,337,1756845385351
960,215,1756845385351
784,103,1756845385351
709,720,1756845385351
980,327,1756845385351
902,35,1756845385351
320,511,1756845385351
930,367,1756845385351
1107,252,1756845385351
812,335,1756845385351
984,156,1756845385351
333,222,1756845385351
1127,357,1756845385351
267,205,1756845385351
894,439,1756845385351
195,212,1756845385351
209,275,1756845385351
703,446,1756845385351
197,205,1756845385351
256,189,1756845385351
668,726,1756845385351
208,224,1756845385351
663,645,1756845385351
752,614,1756845385351
753,645,1756845385351
646,740,1756845385351
329,252,1756845385351
699,576,1756845385351
243,272,1756845385351
299,220,1756845385351
241,273,1756845385351
366,314,1756845385351
995,184,1756845385351
36,368,1756845385351
658,629,1756845385351
61,595,1756845385351
1365,396,1756845385351
176,611,1756845385351
252,279,1756845385351
734,383,1756845385351
890,474,1756845385351
200,243,1756845385351
1167,568,1756845385351
238,229,1756845385351
289,313,1756845385351
707,580,1756845385351
260,289,1756845385351
300,273,1756845385351
295,156,1756845385351
1365,499,1756845385351
639,601,1756845385351
1205,166,1756845385351
898,156,1756845385351
901,303,1756845385351
300,266,1756845385351
912,110,1756845385351
284,230,1756845385351
654,627,1756845385351
251,322,1756845385351
1070,250,1756845385351
1353,735,1756845385351
1131,242,1756845385351
847,262,1756845385351
290,323,1756845385351
228,254,1756845385351
1276,389,1756845385351
255,708,1756845385351
857,322,1756845385351
979,219,1756845385351
976,405,1756845385351
193,200,1756845385351
983,459,1756845385351
773,632,1756845385351
82,144,1756845385351
204,256,1756845385351
889,282,1756845385351
1058,299,1756845385351
376,317,1756845385351
400,623,1756845385351
721,696,1756845385351
697,662,1756845385351
1329,97,1756845385351
736,605,1756845385351
1025,298,1756845385351
819,302,1756845385351
834,403,1756845385351
675,609,1756845385351
577,703,1756845385351
269,277,1756845385351
846,347,1756845385351
603,681,1756845385351
357,349,1756845385351
960,124,1756845385351
270,184,1756845385351
925,222,1756845385351
282,191,1756845385351
302,638,1756845385351
525,473,1756845385351
77,215,1756845385351
1002,331,1756845385351
612,514,1756845385351
671,611,1756845385351
687,561,1756845385351
357,274,1756845385351
108,145,1756845385351
707,712,1756845385351
591,545,1756845385351
1343,737,1756845385351
684,621,1756845385351
906,206,1756845385351
908,237,1756845385351
730,622,1756845385351
898,264,1756845385351
287,319,1756845385351
239,258,1756845385351
721,565,1756845385351
196,269,1756845385351
671,642,1756845385351
887,276,1756845385351
1036,260,1756845385351
392,199,1756845385351
1118,580,1756845385351
235,333,1756845385351
1160,587,1756845385351
297,309,1756845385351
872,228,1756845385351
920,343,1756845385351
779,335,1756845385351
88,401,1756845385351
1318,615,1756845385351
725,746,1756845385351
289,219,1756845385351
772,421,1756845385351
630,589,1756845385351
1312,477,1756845385351
419,156,1756845385351
321,266,1756845385351
951,454,1756845385351
1141,158,1756845385351
259,181,1756845385351
1284,156,1756845385351
316,297,1756845385351
894,207,1756845385351
861,252,1756845385351
970,518,1756845385351
721,707,1756845385351
283,252,1756845385351
602,727,1756845385351
268,269,1756845385351
252,208,1756845385351
1024,566,1756845385351
647,605,1756845385351
315,113,1756845385351
385,209,1756845385351
592,598,1756845385351
711,522,1756845385351
261,264,1756845385351
902,254,1756845385351
233,221,1756845385351
560,326,1756845385351
204,134,1756845385351
1341,31,1756845385351
271,202,1756845385351
1039,226,1756845385351
789,207,1756845385351
665,571,1756845385351
598,567,1756845385351
319,293,1756845385351
636,576,1756845385351
1021,156,1756845385351
1006,263,1756845385351
1055,340,1756845385351
164,181,1756845385351
646,598,1756845385351
289,167,1756845385351
974,366,1756845385351
761,508,1756845385351
332,196,1756845385351
283,225,1756845385351
1303,592,1756845385351
631,58,1756845385351
127,735,1756845385351
785,619,1756845385351
241,209,1756845385351
3,665,1756845385351
328,287,1756845385351
127,41,1756845385351
944,252,1756845385351
629,559,1756845385351
1089,388,1756845385351
256,287,1756845385351
129,362,1756845385351
201,259,1756845385351
763,560,1756845385351
675,647,1756845385351
405,68,1756845385351
909,316,1756845385351
291,177,1756845385351
281,213,1756845385351
626,752,1756845385351
1006,384,1756845385351
931,254,1756845385351
816,16,1756845385351
11,317,1756845385351
338,660,1756845385351
373,709,1756845385351
465,88,1756845385351
732,622,1756845385351
232,260,1756845385351
680,654,1756845385351
934,401,1756845385351
688,586,1756845385351
284,206,1756845385351
769,499,1756845385351
981,396,1756845385351
205,259,1756845385351
920,212,1756845385351
1062,28,1756845385351
476,317,1756845385351
192,258,1756845385351
821,166,1756845385351
955,296,1756845385351
875,245,1756845385351
260,185,1756845385351
673,564,1756845385351
1325,343,1756845385351
265,197,1756845385351
1333,242,1756845385351
945,266,1756845385351
905,402,1756845385351
688,524,1756845385351
254,171,1756845385351
61,144,1756845385351
640,571,1756845385351
160,186,1756845385351
287,246,1756845385351
227,278,1756845385351
1026,230,1756845385351
1028,309,1756845385351
1044,317,1756845385351
660,646,1756845385351
214,192,1756845385351
355,190,1756845385351
745,608,1756845385351
696,604,1756845385351
958,409,1756845385351
282,232,1756845385351
669,625,1756845385351
715,616,1756845385351
693,638,1756845385351
712,577,1756845385351
1051,185,1756845385351
1117,247,1756845385351
751,586,1756845385351
580,589,1756845385351
1122,396,1756845385351
1294,156,1756845385351
898,365,1756845385351
722,608,1756845385351
572,579,1756845385351
899,253,1756845385351
298,316,1756845385351
703,641,1756845385351
198,386,1756845385351
692,535,1756845385351
898,557,1756845385351
901,451,1756845385351
295,180,1756845385351
905,386,1756845385351
264,195,1756845385351
737,690,1756845385351
101,424,1756845385351
906,341,1756845385351
955,214,1756845385351
261,231,1756845385351
1037,314,1756845385351
264,193,1756845385351
720,555,1756845385351
105,427,1756845385351
785,696,1756845385351
307,249,1756845385351
997,411,1756845385351
689,671,1756845385351
409,514,1756845385351
1090,270,1756845385351
391,208,1756845385351
873,264,1756845385351
694,287,1756845385351
996,147,1756845385351
846,269,1756845385351
667,513,1756845385351
158,23,1756845385351
973,390,1756845385351
351,152,1756845385351
884,197,1756845385351
1066,369,1756845385351
911,253,1756845385351
374,292,1756845385351
1004,552,1756845385351
311,87,1756845385351
977,249,1756845385351
1093,430,1756845385351
589,597,1756845385351
908,150,1756845385351
195,208,1756845385351
235,164,1756845385351
733,687,1756845385351
249,319,1756845385351
619,250,1756845385351
857,357,1756845385351
687,494,1756845385351
917,110,1756845385351
967,343,1756845385351
1246,183,1756845385351
990,139,1756845385351
1044,223,1756845385351
659,588,1756845385351
326,221,1756845385351
947,304,1756845385351
972,391,1756845385351
328,289,1756845385351
1086,215,1756845385351
950,333,1756845385351
584,756,1756845385351
288,190,1756845385351
18,453,1756845385351
396,278,1756845385351
594,560,1756845385351
218,157,1756845385351
316,122,1756845385351
257,228,1756845385351
1057,362,1756845385351
275,286,1756845385351
277,170,1756845385351
744,482,1756845385351
762,619,1756845385351
611,705,1756845385351
235,215,1756845385351
223,174,1756845385351
290,647,1756845385351
876,382,1756845385351
220,233,1756845385351
1062,158,1756845385351
193,252,1756845385351
1195,375,1756845385351
690,646,1756845385351
725,219,1756845385351
220,253,1756845385351
933,367,1756845385351
326,184,1756845385351
1190,201,1756845385351
914,675,1756845385351
611,632,1756845385351
1153,155,1756845385351
334,311,1756845385351
1014,198,1756845385351
232,311,1756845385351
745,582,1756845385351
826,352,1756845385351
217,194,1756845385351
235,231,1756845385351
159,148,1756845385351
868,365,1756845385351
1011,462,1756845385351
1025,163,1756845385351
299,183,1756845385351
947,234,1756845385351
656,399,1756845385351
617,595,1756845385351
1271,363,1756845385351
1141,338,1756845385351
700,674,1756845385351
901,213,1756845385351
962,363,1756845385351
1128,216,1756845385351
704,698,1756845385351
754,309,1756845385351
318,215,1756845385351
133,66,1756845385351
947,525,1756845385351
308,236,1756845385351
396,214,1756845385351
380,435,1756845385351
298,279,1756845385351
275,256,1756845385351
91,652,1756845385351
988,446,1756845385351
275,218,1756845385351
641,610,1756845385351
1276,55,1756845385351
649,589,1756845385351
894,262,1756845385351
281,230,1756845385351
819,220,1756845385351
872,290,1756845385351
767,482,1756845385351
999,367,1756845385351
509,182,1756845385351
765,590,1756845385351
689,546,1756845385351
293,283,1756845385351
272,258,1756845385351
754,604,1756845385351
1014,207,1756845385351
553,20,1756845385351
624,104,1756845385351
263,211,1756845385351
231,283,1756845385351
880,134,1756845385351
274,192,1756845385351
242,226,1756845385351
661,625,1756845385351
205,181,1756845385351
618,507,1756845385351
893,377,1756845385351
322,192,1756845385351
887,236,1756845385351
243,231,1756845385351
148,675,1756845385351
1072,450,1756845385351
926,239,1756845385351
182,664,1756845385351
1120,218,1756845385351
413,724,1756845385351
701,662,1756845385351
942,329,1756845385351
660,637,1756845385351
237,646,1756845385351
750,566,1756845385351
245,245,1756845385351
682,646,1756845385351
346,205,1756845385351
716,508,1756845385351
743,626,1756845385351
1062,326,1756845385351
760,588,1756845385351
1016,353,1756845385351
1051,258,1756845385351
974,325,1756845385351
1037,632,1756845385351
1043,586,1756845385351
1014,69,1756845385351
1124,697,1756845385351
333,260,1756845385351
842,166,1756845385351
252,170,1756845385351
815,596,1756845385351
1104,457,1756845385351
1084,431,1756845385351
633,613,1756845385351
300,205,1756845385351
251,185,1756845385351
909,293,1756845385351
1326,117,1756845385351
269,343,1756845385351
751,595,1756845385351
290,232,1756845385351
691,507,1756845385351
243,164,1756845385351
307,224,1756845385351
972,276,1756845385351
259,180,1756845385351
984,547,1756845385351
877,235,1756845385351
888,233,1756845385351
204,581,1756845385351
325,331,1756845385351
814,224,1756845385351
671,759,1756845385351
667,669,1756845385351
895,141,1756845385351
888,355,1756845385351
687,634,1756845385351
231,221,1756845385351
222,233,1756845385351
953,42,1756845385351
1129,382,1756845385351
854,302,1756845385351
1135,56,1756845385351
946,396,1756845385351
766,617,1756845385351
645,650,1756845385351
1048,245,1756845385351
224,252,1756845385351
288,228,1756845385351
446,65,1756845385351
853,233,1756845385351
700,568,1756845385351
1201,426,1756845385351
306,503,1756845385351
366,284,1756845385351
558,237,1756845385351
1117,160,1756845385351
730,597,1756845385351
929,274,1756845385351
312,258,1756845385351
897,323,1756845385351
813,15,1756845385351
1132,532,1756845385351
860,286,1756845385351
247,257,1756845385351
703,596,1756845385351
645,210,1756845385351
942,363,1756845385351
309,201,1756845385351
985,276,1756845385351
936,277,1756845385351
233,260,1756845385351
591,688,1756845385351
861,288,1756845385351
1051,217,1756845385351
711,553,1756845385351
854,639,1756845385351
801,317,1756845385351
652,700,1756845385351
459,400,1756845385351
844,206,1756845385351
254,173,1756845385351
967,395,1756845385351
948,419,1756845385351
938,340,1756845385351
82,621,1756845385351
1298,712,1756845385351
172,326,1756845385351
317,203,1756845385351
594,598,1756845385351
178,215,1756845385351
727,560,1756845385351
740,716,1756845385351
1150,254,1756845385351
247,269,1756845385351
638,616,1756845385351
1012,200,1756845385351
1347,34,1756845385351
727,479,1756845385351
247,242,1756845385351
173,558,1756845385351
674,671,1756845385351
768,597,1756845385351
625,615,1756845385351
262,142,1756845385351
1110,261,1756845385351
572,261,1756845385351
669,489,1756845385351
605,456,1756845385351
257,192,1756845385351
703,317,1756845385351
943,360,1756845385351
279,296,1756845385351
182,40,1756845385351
679,578,1756845385351
0,167,1756845385351
311,306,1756845385351
307,250,1756845385351
1084,378,1756845385351
1003,393,1756845385351
774,584,1756845385351
1046,242,1756845385351
218,300,1756845385351
864,307,1756845385351
705,652,1756845385351
1058,316,1756845385351
257,80,1756845385351
632,607,1756845385351
280,178,1756845385351
745,593,1756845385351
225,175,1756845385351
1211,363,1756845385351
194,155,1756845385351
182,195,1756845385351
934,301,1756845385351
606,616,1756845385351
257,268,1756845385351
155,246,1756845385351
673,571,1756845385351
964,402,1756845385351
1227,485,1756845385351
270,172,1756845385351
616,619,1756845385351
948,277,1756845385351
888,271,1756845385351
948,325,1756845385351
785,200,1756845385351
76,58,1756845385351
108,735,1756845385351
282,170,1756845385351
1008,267,1756845385351
892,257,1756845385351
866,366,1756845385351
835,498,1756845385351
672,547,1756845385351
720,574,1756845385351
1044,463,1756845385351
238,252,1756845385351
612,163,1756845385351
63,90,1756845385351
266,684,1756845385351
980,275,1756845385351
254,328,1756845385351
946,213,1756845385351
819,581,1756845385351
1216,207,1756845385351
697,468,1756845385351
998,331,1756845385351
774,715,1756845385351
162,47,1756845385351
115,336,1756845385351
839,146,1756845385351
718,437,1756845385351
736,661,1756845385351
682,565,1756845385351
1042,346,1756845385351
740,644,1756845385351
675,592,1756845385351
708,578,1756845385351
1151,200,1756845385351
546,193,1756845385351
633,612,1756845385351
1124,369,1756845385351
987,370,1756845385351
1008,382,1756845385351
1034,405,1756845385351
1025,256,1756845385351
1050,629,1756845385351
281,290,1756845385351
190,290,1756845385351
1003,239,1756845385351
1097,9,1756845385351
659,159,1756845385351
1023,351,1756845385351
1045,29,1756845385351
284,251,1756845385351
641,589,1756845385351
643,521,1756845385351
241,230,1756845385351
971,379,1756845385351
1022,237,1756845385351
672,622,1756845385351
1038,253,1756845385351
140,82,1756845385351
623,567,1756845385351
400,697,1756845385351
351,163,1756845385351
922,258,1756845385351
1124,535,1756845385351
430,605,1756845385351
682,555,1756845385351
223,226,1756845385351
652,605,1756845385351
209,740,1756845385351
30,527,1756845385351
1039,300,1756845385351
306,221,1756845385351
747,531,1756845385351
971,295,1756845385351
743,645,1756845385351
564,43,1756845385351
937,227,1756845385351
722,597,1756845385351
299,227,1756845385351
934,432,1756845385351
294,230,1756845385351
263,195,1756845385351
322,192,1756845385351
322,162,1756845385351
622,306,1756845385351
705,683,1756845385351
192,188,1756845385351
280,261,1756845385351
733,720,1756845385351
630,644,1756845385351
1023,465,1756845385351
1113,491,1756845385351
337,257,1756845385351
684,636,1756845385351
862,411,1756845385351
304,218,1756845385351
289,260,1756845385351
272,268,1756845385351
820,249,1756845385351
735,572,1756845385351
452,389,1756845385351
978,432,1756845385351
597,598,1756845385351
154,259,1756845385351
275,246,1756845385351
231,295,1756845385351
708,615,1756845385351
1164,361,1756845385351
668,521,1756845385351
753,92,1756845385351
296,257,1756845385351
916,344,1756845385351
632,564,1756845385351
272,260,1756845385351
602,517,1756845385351
717,16,1756845385351
115,692,1756845385351
237,200,1756845385351
1289,314,1756845385351
295,186,1756845385351
297,315,1756845385351
941,320,1756845385351
767,589,1756845385351
597,626,1756845385351
657,619,1756845385351
526,625,1756845385351
39,188,1756845385351
307,289,1756845385351
242,227,1756845385351
307,102,1756845385351
909,259,1756845385351
647,556,1756845385351
771,585,1756845385351
1051,228,1756845385351
205,184,1756845385351
725,568,1756845385351
208,140,1756845385351
31,442,1756845385351
1001,315,1756845385351
296,222,1756845385351
659,629,1756845385351
212,220,1756845385351
731,609,1756845385351
657,670,1756845385351
245,174,1756845385351
294,268,1756845385351
781,485,1756845385351
992,264,1756845385351
976,281,1756845385351
834,278,1756845385351
701,724,1756845385351
363,231,1756845385351
524,239,1756845385351
658,715,1756845385351
615,553,1756845385351
882,312,1756845385351
518,205,1756845385351
602,654,1756845385351
184,250,1756845385351
723,605,1756845385351
841,354,1756845385351
1101,254,1756845385351
915,206,1756845385351
1107,693,1756845385351
661,534,1756845385351
759,403,1756845385351
953,285,1756845385351
321,517,1756845385351
848,326,1756845385351
217,146,1756845385351
1092,316,1756845385351
890,341,1756845385351
650,597,1756845385351
605,663,1756845385351
743,493,1756845385351
866,233,1756845385351
380,181,1756845385351
670,630,1756845385351
915,295,1756845385351
196,255,1756845385351
309,185,1756845385351
954,293,1756845385351
698,631,1756845385351
683,608,1756845385351
333,281,1756845385351
700,599,1756845385351
678,599,1756845385351
785,595,1756845385351
579,690,1756845385351
995,344,1756845385351
588,503,1756845385351
821,314,1756845385351
690,493,1756845385351
302,200,1756845385351
288,266,1756845385351
852,444,1756845385351
122,187,1756845385351
679,419,1756845385351
650,665,1756845385351
292,164,1756845385351
730,613,1756845385351
727,604,1756845385351
312,247,1756845385351
802,68,1756845385351
859,688,1756845385351
653,648,1756845385351
621,176,1756845385351
638,548,1756845385351
1029,108,1756845385351
1071,315,1756845385351
75,470,1756845385351
1120,216,1756845385351
352,198,1756845385351
778,586,1756845385351
484,645,1756845385351
661,757,1756845385351
351,200,1756845385351
633,649,1756845385351
689,522,1756845385351
915,254,1756845385351
1037,474,1756845385351
986,370,1756845385351
956,203,1756845385351
927,311,1756845385351
559,432,1756845385351
228,209,1756845385351
700,588,1756845385351
741,327,1756845385351
293,273,1756845385351
346,279,1756845385351
318,283,1756845385351
1116,504,1756845385351
424,498,1756845385351
936,421,1756845385351
922,104,1756845385351
1054,270,1756845385351
559,193,1756845385351
848,300,1756845385351
694,580,1756845385351
979,307,1756845385351
179,260,1756845385351
1012,426,1756845385351
655,606,1756845385351
749,589,1756845385351
904,347,1756845385351
977,428,1756845385351
342,250,1756845385351
806,479,1756845385351
232,305,1756845385351
700,641,1756845385351
726,575,1756845385351
489,484,1756845385351
948,209,1756845385351
1065,166,1756845385351
254,159,1756845385351
299,394,1756845385351
220,242,1756845385351
749,649,1756845385351
1131,349,1756845385351
214,185,1756845385351
1027,204,1756845385351
998,436,1756845385351
387,479,1756845385351
837,339,1756845385351
339,203,1756845385351
188,217,1756845385351
709,680,1756845385351
901,216,1756845385351
454,103,1756845385351
918,358,1756845385351
1048,242,1756845385351
457,450,1756845385351
350,654,1756845385351
333,200,1756845385351
668,582,1756845385351
720,693,1756845385351
206,767,1756845385351
675,653,1756845385351
691,615,1756845385351
682,449,1756845385351
782,726,1756845385351
650,621,1756845385351
247,341,1756845385351
1045,350,1756845385351
305,230,1756845385351
1178,566,1756845385351
887,470,1756845385351
939,644,1756845385351
743,694,1756845385351
728,649,1756845385351
1114,264,1756845385351
653,433,1756845385351
350,272,1756845385351
1141,531,1756845385351
642,155,1756845385351
973,384,1756845385351
875,149,1756845385351
232,222,1756845385351
702,661,1756845385351
333,204,1756845385351
1096,178,1756845385351
1025,435,1756845385351
652,602,1756845385351
944,63,1756845385351
924,493,1756845385351
860,282,1756845385351
916,284,1756845385351
289,231,1756845385351
646,677,1756845385351
842,203,1756845385351
315,305,1756845385351
899,387,1756845385351
943,389,1756845385351
824,438,1756845385351
1095,281,1756845385351
693,551,1756845385351
39,659,1756845385351
358,226,1756845385351
922,389,1756845385351
1041,438,1756845385351
653,634,1756845385351
275,297,1756845385351
934,387,1756845385351
1095,671,1756845385351
605,631,1756845385351
709,588,1756845385351
351,331,1756845385351
1053,265,1756845385351
757,561,1756845385351
298,181,1756845385351
1154,488,1756845385351
340,313,1756845385351
234,186,1756845385351
271,184,1756845385351
108,278,1756845385351
700,602,1756845385351
310,279,1756845385351
1111,194,1756845385351
607,497,1756845385351
1117,284,1756845385352
848,466,1756845385352
349,221,1756845385352
789,444,1756845385352
1024,43,1756845385352
904,217,1756845385352
285,185,1756845385352
1026,431,1756845385352
650,635,1756845385352
415,505,1756845385352
201,177,1756845385352
775,622,1756845385352
623,540,1756845385352
755,716,1756845385352
1025,187,1756845385352
878,228,1756845385352
307,569,1756845385352
232,133,1756845385352
251,354,1756845385352
684,627,1756845385352
471,719,1756845385352
981,215,1756845385352
1023,298,1756845385352
850,375,1756845385352
263,303,1756845385352
1305,686,1756845385352
759,571,1756845385352
674,557,1756845385352
632,500,1756845385352
445,480,1756845385352
177,226,1756845385352
1048,452,1756845385352
933,364,1756845385352
797,662,1756845385352
1265,137,1756845385352
263,214,1756845385352
1260,692,1756845385352
691,573,1756845385352
708,738,1756845385352
1010,370,1756845385352
177,186,1756845385352
252,324,1756845385352
618,627,1756845385352
990,341,1756845385352
248,251,1756845385352
834,80,1756845385352
365,525,1756845385352
347,251,1756845385352
414,244,1756845385352
913,325,1756845385352
953,265,1756845385352
1051,429,1756845385352
255,238,1756845385352
776,618,1756845385352
670,576,1756845385352
988,341,1756845385352
352,212,1756845385352
883,250,1756845385352
656,581,1756845385352
834,332,1756845385352
630,547,1756845385352
582,503,1756845385352
765,699,1756845385352
938,299,1756845385352
422,571,1756845385352
974,287,1756845385352
924,285,1756845385352
5,287,1756845385352
824,454,1756845385352
937,300,1756845385352
743,679,1756845385352
229,293,1756845385352
870,293,1756845385352
687,593,1756845385352
184,198,1756845385352
852,352,1756845385352
613,597,1756845385352
706,629,1756845385352
1042,261,1756845385352
615,634,1756845385352
618,560,1756845385352
944,366,1756845385352
673,612,1756845385352
186,655,1756845385352
677,611,1756845385352
266,230,1756845385352
621,670,1756845385352
574,11,1756845385352
647,653,1756845385352
200,272,1756845385352
723,277,1756845385352
608,620,1756845385352
242,252,1756845385352
872,168,1756845385352
1081,238,1756845385352
854,219,1756845385352
594,583,1756845385352
280,173,1756845385352
297,195,1756845385352
951,269,1756845385352
655,551,1756845385352
1212,414,1756845385352
254,304,1756845385352
1013,156,1756845385352
1325,422,1756845385352
1130,87,1756845385352
886,340,1756845385352
305,606,1756845385352
722,570,1756845385352
737,641,1756845385352
1010,302,1756845385352
210,268,1756845385352
326,246,1756845385352
193,314,1756845385352
870,459,1756845385352
1036,206,1756845385352
1308,526,1756845385352
1179,339,1756845385352
189,282,1756845385352
331,149,1756845385352
284,137,1756845385352
316,205,1756845385352
885,250,1756845385352
668,616,1756845385352
306,327,1756845385352
696,652,1756845385352
735,657,1756845385352
215,238,1756845385352
276,257,1756845385352
920,402,1756845385352
203,200,1756845385352
679,633,1756845385352
677,672,1756845385352
232,148,1756845385352
1088,369,1756845385352
635,634,1756845385352
256,296,1756845385352
986,684,1756845385352
187,440,1756845385352
745,634,1756845385352
811,322,1756845385352
230,234,1756845385352
681,640,1756845385352
749,642,1756845385352
642,522,1756845385352
314,241,1756845385352
51,375,1756845385352
601,605,1756845385352
992,293,1756845385352
254,222,1756845385352
117,565,1756845385352
1006,321,1756845385352
1010,296,1756845385352
729,508,1756845385352
263,205,1756845385352
955,249,1756845385352
863,172,1756845385352
183,162,1756845385352
913,321,1756845385352
1301,721,1756845385352
1151,263,1756845385352
923,365,1756845385352
964,273,1756845385352
266,209,1756845385352
230,178,1756845385352
734,622,1756845385352
269,226,1756845385352
298,304,1756845385352
1301,202,1756845385352
267,221,1756845385352
971,299,1756845385352
1079,180,1756845385352
18,100,1756845385352
970,344,1756845385352
299,294,1756845385352
902,274,1756845385352
649,605,1756845385352
780,598,1756845385352
363,606,1756845385352
579,721,1756845385352
976,417,1756845385352
133,425,1756845385352
1208,84,1756845385352
819,667,1756845385352
658,612,1756845385352
726,196,1756845385352
479,442,1756845385352
768,527,1756845385352
651,581,1756845385352
1038,280,1756845385352
1090,519,1756845385352
339,174,1756845385352
275,208,1756845385352
692,675,1756845385352
1016,326,1756845385352
744,415,1756845385352
790,151,1756845385352
936,419,1756845385352
749,669,1756845385352
1034,138,1756845385352
752,697,1756845385352
789,553,1756845385352
960,346,1756845385352
605,428,1756845385352
279,203,1756845385352
843,518,1756845385352
494,113,1756845385352
713,593,1756845385352
232,704,1756845385352
672,616,1756845385352
739,558,1756845385352
649,738,1756845385352
968,307,1756845385352
622,596,1756845385352
579,726,1756845385352
243,171,1756845385352
727,713,1756845385352
1248,312,1756845385352
599,634,1756845385352
755,576,1756845385352
1050,241,1756845385352
307,303,1756845385352
718,598,1756845385352
245,181,1756845385352
742,559,1756845385352
902,316,1756845385352
228,213,1756845385352
284,283,1756845385352
220,722,1756845385352
967,373,1756845385352
997,261,1756845385352
379,296,1756845385352
276,165,1756845385352
339,289,1756845385352
1232,271,1756845385352
267,279,1756845385352
960,312,1756845385352
224,280,1756845385352
190,365,1756845385352
890,249,1756845385352
253,161,1756845385352
234,284,1756845385352
755,642,1756845385352
323,194,1756845385352
88,433,1756845385352
705,564,1756845385352
766,662,1756845385352
796,557,1756845385352
732,616,1756845385352
323,14,1756845385352
950,546,1756845385352
944,466,1756845385352
466,304,1756845385352
731,578,1756845385352
660,657,1756845385352
1178,521,1756845385352
517,214,1756845385352
1149,438,1756845385352
620,615,1756845385352
633,607,1756845385352
726,649,1756845385352
1082,326,1756845385352
234,238,1756845385352
679,618,1756845385352
715,672,1756845385352
688,722,1756845385352
637,470,1756845385352
316,214,1756845385352
589,667,1756845385352
687,625,1756845385352
742,570,1756845385352
948,317,1756845385352
600,538,1756845385352
915,303,1756845385352
263,224,1756845385352
824,164,1756845385352
290,484,1756845385352
633,127,1756845385352
283,257,1756845385352
272,231,1756845385352
818,616,1756845385352
202,209,1756845385352
994,361,1756845385352
1003,336,1756845385352
623,603,1756845385352
966,289,1756845385352
947,270,1756845385352
972,112,1756845385352
694,623,1756845385352
1205,498,1756845385352
978,305,1756845385352
820,345,1756845385352
1091,493,1756845385352
979,261,1756845385352
701,606,1756845385352
1036,267,1756845385352
206,237,1756845385352
240,146,1756845385352
977,442,1756845385352
1181,111,1756845385352
872,213,1756845385352
974,342,1756845385352
297,206,1756845385352
268,165,1756845385352
777,618,1756845385352
170,272,1756845385352
534,390,1756845385352
746,614,1756845385352
1229,589,1756845385352
626,650,1756845385352
875,447,1756845385352
631,619,1756845385352
239,188,1756845385352
1120,547,1756845385352
659,630,1756845385352
1357,153,1756845385352
578,412,1756845385352
356,240,1756845385352
286,593,1756845385352
616,0,1756845385352
878,275,1756845385352
224,214,1756845385352
730,729,1756845385352
719,552,1756845385352
917,349,1756845385352
772,265,1756845385352
337,174,1756845385352
749,628,1756845385352
597,627,1756845385352
257,284,1756845385352
234,214,1756845385352
1009,242,1756845385352
657,600,1756845385352
495,723,1756845385352
1105,528,1756845385352
406,233,1756845385352
272,130,1756845385352
701,624,1756845385352
1014,195,1756845385352
1154,449,1756845385352
786,272,1756845385352
329,183,1756845385352
665,354,1756845385352
867,629,1756845385352
910,311,1756845385352
266,201,1756845385352
873,499,1756845385352
700,711,1756845385352
654,613,1756845385352
677,646,1756845385352
1104,324,1756845385352
966,474,1756845385352
953,298,1756845385352
282,290,1756845385352
682,657,1756845385352
807,376,1756845385352
849,306,1756845385352
589,675,1756845385352
734,591,1756845385352
663,635,1756845385352
1021,361,1756845385352
648,577,1756845385352
298,271,1756845385352
892,546,1756845385352
702,624,1756845385352
1061,317,1756845385352
701,500,1756845385352
924,218,1756845385352
984,322,1756845385352
865,391,1756845385352
764,712,1756845385352
975,140,1756845385352
280,108,1756845385352
980,660,1756845385352
790,309,1756845385352
923,371,1756845385352
377,389,1756845385352
941,270,1756845385352
392,248,1756845385352
234,223,1756845385352
957,194,1756845385352
543,745,1756845385352
656,693,1756845385352
753,601,1756845385352
352,157,1756845385352
1020,757,1756845385352
901,281,1756845385352
970,391,1756845385352
219,279,1756845385352
227,197,1756845385352
264,186,1756845385352
972,368,1756845385352
219,195,1756845385352
880,309,1756845385352
1065,176,1756845385352
326,213,1756845385352
770,640,1756845385352
204,238,1756845385352
253,191,1756845385352
625,714,1756845385352
717,571,1756845385352
701,622,1756845385352
495,236,1756845385352
659,642,1756845385352
989,188,1756845385352
615,335,1756845385352
873,408,1756845385352
962,312,1756845385352
262,268,1756845385352
196,481,1756845385352
614,617,1756845385352
1000,293,1756845385352
301,167,1756845385352
306,585,1756845385352
675,618,1756845385352
622,511,1756845385352
325,220,1756845385352
806,648,1756845385352
1080,184,1756845385352
708,601,1756845385352
854,299,1756845385352
690,575,1756845385352
1113,560,1756845385352
784,573,1756845385352
690,609,1756845385352
947,275,1756845385352
1074,609,1756845385352
688,379,1756845385352
292,245,1756845385352
987,299,1756845385352
879,292,1756845385352
664,639,1756845385352
650,669,1756845385352
330,225,1756845385352
960,201,1756845385352
590,604,1756845385352
672,643,1756845385352
41,296,1756845385352
191,213,1756845385352
619,617,1756845385352
1101,84,1756845385352
48,144,1756845385352
696,573,1756845385352
269,266,1756845385352
943,381,1756845385352
961,173,1756845385352
1094,218,1756845385352
686,576,1756845385352
631,529,1756845385352
239,151,1756845385352
276,226,1756845385352
633,694,1756845385352
268,284,1756845385352
1019,158,1756845385352
848,508,1756845385352
210,503,1756845385352
718,622,1756845385352
282,257,1756845385352
702,505,1756845385352
269,222,1756845385352
286,230,1756845385352
288,247,1756845385352
230,134,1756845385352
919,699,1756845385352
794,210,1756845385352
302,193,1756845385352
508,649,1756845385352
1050,731,1756845385352
678,81,1756845385352
821,478,1756845385352
624,596,1756845385352
253,257,1756845385352
546,593,1756845385352
804,259,1756845385352
910,278,1756845385352
675,582,1756845385352
277,309,1756845385352
462,107,1756845385352
1219,326,1756845385352
661,676,1756845385352
967,254,1756845385352
1084,235,1756845385352
514,213,1756845385352
755,522,1756845385352
877,243,1756845385352
215,231,1756845385352
151,482,1756845385352
1016,167,1756845385352
685,509,1756845385352
1347,140,1756845385352
245,196,1756845385352
954,298,1756845385352
673,678,1756845385352
655,506,1756845385352
748,710,1756845385352
352,56,1756845385352
1359,639,1756845385352
690,511,1756845385352
370,281,1756845385352
680,519,1756845385352
290,187,1756845385352
182,254,1756845385352
907,332,1756845385352
641,213,1756845385352
745,640,1756845385352
358,105,1756845385352
804,306,1756845385352
742,652,1756845385352
927,517,1756845385352
224,225,1756845385352
292,200,1756845385352
907,274,1756845385352
1049,274,1756845385352
223,153,1756845385352
628,670,1756845385352
600,469,1756845385352
28,371,1756845385352
1042,382,1756845385352
734,101,1756845385352
602,163,1756845385352
337,122,1756845385352
583,629,1756845385352
1066,485,1756845385352
747,586,1756845385352
947,256,1756845385352
306,222,1756845385352
301,266,1756845385352
628,546,1756845385352
708,570,1756845385352
207,310,1756845385352
1035,349,1756845385352
638,492,1756845385352
1000,361,1756845385352
1085,411,1756845385352
283,214,1756845385352
330,244,1756845385352
813,334,1756845385352
987,219,1756845385352
220,261,1756845385352
617,679,1756845385352
922,128,1756845385352
981,409,1756845385352
972,262,1756845385352
661,403,1756845385352
1235,576,1756845385352
611,631,1756845385352
716,537,1756845385352
249,211,1756845385352
539,483,1756845385352
15,570,1756845385352
969,380,1756845385352
232,283,1756845385352
583,596,1756845385352
160,175,1756845385352
206,257,1756845385352
280,249,1756845385352
648,597,1756845385352
392,363,1756845385352
703,560,1756845385352
230,234,1756845385352
1063,206,1756845385352
259,168,1756845385352
713,561,1756845385352
619,657,1756845385352
672,622,1756845385352
1252,593,1756845385352
186,133,1756845385352
267,184,1756845385352
1092,361,1756845385352
326,226,1756845385352
342,271,1756845385352
949,282,1756845385352
264,239,1756845385352
936,341,1756845385352
984,312,1756845385352
696,618,1756845385352
811,97,1756845385352
926,556,1756845385352
1055,288,1756845385352
1008,253,1756845385352
260,196,1756845385352
429,579,1756845385352
293,184,1756845385352
682,661,1756845385352
57,105,1756845385352
760,571,1756845385352
715,483,1756845385352
25,312,1756845385352
1221,187,1756845385352
1003,376,1756845385352
868,286,1756845385352
848,376,1756845385352
630,682,1756845385352
319,292,1756845385352
612,750,1756845385352
1022,374,1756845385352
228,268,1756845385352
523,71,1756845385352
257,290,1756845385352
275,206,1756845385352
997,209,1756845385352
508,635,1756845385352
1095,275,1756845385352
1011,265,1756845385352
1133,351,1756845385352
612,605,1756845385352
724,232,1756845385352
649,585,1756845385352
258,183,1756845385352
608,671,1756845385352
576,575,1756845385352
834,650,1756845385352
229,220,1756845385352
346,195,1756845385352
987,388,1756845385352
606,539,1756845385352
934,392,1756845385352
505,333,1756845385352
288,185,1756845385352
805,598,1756845385352
301,223,1756845385352
333,285,1756845385352
712,646,1756845385352
797,393,1756845385352
422,605,1756845385352
726,620,1756845385352
291,223,1756845385352
1043,254,1756845385352
659,536,1756845385352
860,303,1756845385352
661,640,1756845385352
274,257,1756845385352
979,234,1756845385352
68,471,1756845385352
279,175,1756845385352
885,223,1756845385352
302,211,1756845385352
958,296,1756845385352
991,526,1756845385352
627,544,1756845385352
977,304,1756845385352
875,296,1756845385352
273,181,1756845385352
400,278,1756845385352
295,120,1756845385352
109,189,1756845385352
962,254,1756845385352
292,240,1756845385352
612,545,1756845385352
885,265,1756845385352
722,553,1756845385352
15,423,1756845385352
713,610,1756845385352
272,162,1756845385352
306,183,1756845385352
572,608,1756845385352
305,189,1756845385352
1000,383,1756845385352
626,683,1756845385352
617,735,1756845385352
950,326,1756845385352
337,36,1756845385352
660,622,1756845385352
748,591,1756845385352
998,99,1756845385352
654,568,1756845385352
670,628,1756845385352
766,672,1756845385352
673,698,1756845385352
650,634,1756845385352
1021,561,1756845385352
998,318,1756845385352
735,670,1756845385352
1021,305,1756845385352
601,571,1756845385352
288,160,1756845385352
967,265,1756845385352
572,661,1756845385352
257,218,1756845385352
427,157,1756845385352
1005,325,1756845385352
924,288,1756845385352
887,345,1756845385352
279,254,1756845385352
284,261,1756845385352
271,269,1756845385352
982,361,1756845385352
258,204,1756845385352
621,591,1756845385352
638,91,1756845385352
475,510,1756845385352
959,129,1756845385352
209,240,1756845385352
764,691,1756845385352
774,700,1756845385352
1089,331,1756845385352
209,40,1756845385352
1032,318,1756845385352
679,599,1756845385352
697,649,1756845385352
751,393,1756845385352
956,405,1756845385352
762,220,1756845385352
1281,712,1756845385352
383,289,1756845385352
342,309,1756845385352
1150,103,1756845385352
154,256,1756845385352
217,221,1756845385352
260,203,1756845385352
946,331,1756845385352
1304,322,1756845385352
627,700,1756845385352
774,609,1756845385352
929,307,1756845385352
652,682,1756845385352
881,230,1756845385352
1228,404,1756845385352
277,213,1756845385352
266,191,1756845385352
267,258,1756845385352
200,194,1756845385352
899,348,1756845385352
223,188,1756845385352
752,644,1756845385352
21,476,1756845385352
1116,191,1756845385352
687,583,1756845385352
239,89,1756845385352
261,256,1756845385352
193,219,1756845385352
312,198,1756845385352
610,641,1756845385352
1014,350,1756845385352
362,388,1756845385352
814,572,1756845385352
310,203,1756845385352
313,298,1756845385352
790,305,1756845385352
1094,137,1756845385352
1137,19,1756845385352
1231,530,1756845385352
822,249,1756845385352
739,590,1756845385352
307,212,1756845385352
1126,401,1756845385352
517,633,1756845385352
115,162,1756845385352
979,266,1756845385352
303,152,1756845385352
679,513,1756845385352
1095,471,1756845385352
705,655,1756845385352
616,648,1756845385352
954,347,1756845385352
912,317,1756845385352
1006,284,1756845385352
226,268,1756845385352
317,173,1756845385352
851,511,1756845385352
725,685,1756845385352
869,378,1756845385352
684,662,1756845385352
1023,381,1756845385352
271,159,1756845385352
943,682,1756845385352
259,222,1756845385352
663,557,1756845385352
715,615,1756845385352
666,613,1756845385352
712,509,1756845385352
662,622,1756845385352
1313,454,1756845385352
302,207,1756845385352
784,629,1756845385352
244,256,1756845385352
319,275,1756845385352
253,256,1756845385352
1019,212,1756845385352
358,705,1756845385352
960,343,1756845385352
886,306,1756845385352
730,562,1756845385352
448,332,1756845385352
228,300,1756845385352
304,212,1756845385352
288,166,1756845385352
999,451,1756845385352
289,311,1756845385352
283,207,1756845385352
1363,412,1756845385352
660,626,1756845385352
1056,233,1756845385352
261,301,1756845385352
661,756,1756845385352
663,583,1756845385352
400,176,1756845385352
752,583,1756845385352
1016,261,1756845385352
971,554,1756845385352
636,662,1756845385352
1121,337,1756845385352
790,614,1756845385352
332,262,1756845385352
301,547,1756845385352
998,453,1756845385352
695,692,1756845385352
313,183,1756845385352
635,624,1756845385352
997,196,1756845385352
579,612,1756845385352
1021,340,1756845385352
793,196,1756845385352
860,312,1756845385352
303,143,1756845385352
1057,268,1756845385352
673,653,1756845385352
864,269,1756845385352
23,310,1756845385352
663,437,1756845385352
860,362,1756845385352
1188,697,1756845385352
1004,140,1756845385352
661,692,1756845385352
1021,404,1756845385352
834,233,1756845385352
593,558,1756845385352
240,271,1756845385352
262,214,1756845385352
935,393,1756845385352
940,177,1756845385352
797,527,1756845385352
958,279,1756845385352
238,531,1756845385352
671,646,1756845385352
327,240,1756845385352
264,279,1756845385352
586,572,1756845385352
212,246,1756845385352
986,616,1756845385352
894,267,1756845385352
685,641,1756845385352
255,268,1756845385352
966,263,1756845385352
741,425,1756845385352
666,481,1756845385352
341,205,1756845385352
109,544,1756845385352
232,211,1756845385352
182,216,1756845385352
620,618,1756845385352
940,187,1756845385352
698,689,1756845385352
947,422,1756845385352
967,359,1756845385352
801,42,1756845385352
1301,753,1756845385352
1129,715,1756845385352
583,431,1756845385352
52,519,1756845385352
1348,113,1756845385352
869,337,1756845385352
788,177,1756845385352
790,321,1756845385352
758,67,1756845385352
1043,188,1756845385352
645,625,1756845385352
530,158,1756845385352
305,185,1756845385352
998,314,1756845385352
229,291,1756845385352
602,596,1756845385352
1026,245,1756845385352
752,620,1756845385352
910,212,1756845385352
967,477,1756845385352
676,711,1756845385352
966,419,1756845385352
207,269,1756845385352
315,198,1756845385352
983,302,1756845385352
608,705,1756845385352
1027,666,1756845385352
1010,295,1756845385352
373,261,1756845385352
321,299,1756845385352
211,232,1756845385352
174,216,1756845385352
981,716,1756845385352
141,367,1756845385352
246,249,1756845385352
702,601,1756845385352
248,284,1756845385352
229,157,1756845385352
998,297,1756845385352
787,571,1756845385352
829,462,1756845385352
905,318,1756845385352
889,265,1756845385352
987,240,1756845385352
248,272,1756845385352
247,288,1756845385352
1340,704,1756845385352
871,125,1756845385352
657,620,1756845385352
345,180,1756845385352
638,574,1756845385352
985,215,1756845385352
660,646,1756845385352
668,634,1756845385352
943,507,1756845385352
1016,199,1756845385352
652,657,1756845385352
252,262,1756845385352
624,638,1756845385352
1112,354,1756845385352
253,245,1756845385352
311,232,1756845385352
1035,299,1756845385352
958,362,1756845385352
893,474,1756845385352
967,300,1756845385352
642,625,1756845385352
282,281,1756845385352
572,592,1756845385352
332,307,1756845385352
272,240,1756845385352
576,16,1756845385352
1048,332,1756845385352
944,149,1756845385352
938,384,1756845385352
701,574,1756845385352
282,209,1756845385352
680,707,1756845385352
441,217,1756845385352
881,212,1756845385352
838,753,1756845385352
1082,320,1756845385352
702,671,1756845385352
306,288,1756845385352
695,607,1756845385352
890,307,1756845385352
663,646,1756845385352
106,381,1756845385352
352,258,1756845385352
326,280,1756845385352
582,596,1756845385352
247,283,1756845385352
121,210,1756845385352
273,156,1756845385352
307,265,1756845385352
604,607,1756845385352
1050,472,1756845385352
1013,354,1756845385352
808,676,1756845385352
549,113,1756845385352
686,546,1756845385352
268,136,1756845385352
758,584,1756845385352
292,254,1756845385352
287,236,1756845385352
760,590,1756845385352
712,616,1756845385352
267,260,1756845385352
233,277,1756845385352
59,760,1756845385352
713,574,1756845385352
831,710,1756845385352
848,520,1756845385352
334,218,1756845385352
394,73,1756845385352
251,316,1756845385352
927,406,1756845385352
663,469,1756845385352
283,201,1756845385352
301,300,1756845385352
1060,315,1756845385352
1071,327,1756845385352
55,576,1756845385352
954,228,1756845385352
979,367,1756845385352
883,334,1756845385352
321,196,1756845385352
1076,281,1756845385352
881,328,1756845385352
283,148,1756845385352
301,203,1756845385352
233,260,1756845385352
274,172,1756845385352
382,16,1756845385352
979,233,1756845385352
803,660,1756845385352
298,197,1756845385352
684,665,1756845385352
893,235,1756845385352
678,685,1756845385352
275,288,1756845385352
749,700,1756845385352
872,235,1756845385352
1080,170,1756845385352
349,230,1756845385352
769,177,1756845385352
647,513,1756845385352
290,167,1756845385352
288,263,1756845385352
873,336,1756845385352
857,259,1756845385352
